
[
      
{
    "title": "Acquire and Plot Angular Velocity and Orientation Data from Your Android™ Device",
    "description": "This example shows how to plot data from multiple sensors on an Android device together in one timeline. Measurements of angular velocity and orientation will be collected from the device and plotted over absolute time. This will allow correlations between data from two sensors to be visualized based on the actual time of measurement.",
    "thumbnail_url": "../../examples/mobilesensor_product/win64/mobilesensor_plottingmultiplesensors_02.png",
    "url": "../../supportpkg/mobilesensor/examples/acquire-and-plot-angular-velocity-and-orientation-data-from-your-android-device.html",
    "type": "Script",
    "open_command": "matlab:edit mobilesensor_plottingmultiplesensors"
}
   ,
{
    "title": "Counting Steps by Capturing Acceleration Data from Your Android™ Device",
    "description": "This example shows how to collect acceleration data from an Android device and use it to count the number of steps taken.",
    "thumbnail_url": "../../examples/mobilesensor_product/win64/mobilesensor_countingsteps_04.png",
    "url": "../../supportpkg/mobilesensor/examples/counting-steps-by-capturing-acceleration-data-from-your-android-device.html",
    "type": "Script",
    "open_command": "matlab:edit mobilesensor_countingsteps"
}
   ,
{
    "title": "Acquire GPS Data from Your Android™ Device and Plot Your Location and Speed on a Map",
    "description": "This example shows how to collect position data from an Android device and display it on a map. Latitude and longitude coordinates are used to mark the device's route. Speed information is used to add color to the route. The final result is a visual representation of location and speed for the device's journey.",
    "thumbnail_url": "../../examples/mobilesensor_product/win64/mobilesensor_mappinglocationandspeed_04.png",
    "url": "../../supportpkg/mobilesensor/examples/acquire-gps-data-from-your-android-device-and-plot-your-location-and-speed-on-a-map.html",
    "type": "Script",
    "open_command": "matlab:edit mobilesensor_mappinglocationandspeed"
}
   
]
    