<?xml version="1.0" encoding="UTF-8"?><examples><example><id>mobilesensor_product-mobilesensor_countingsteps</id><title>Counting Steps by Capturing Acceleration Data from Your Android™ Device</title><type>fe</type><docpageurl>examples/counting-steps-by-capturing-acceleration-data-from-your-android-device.html</docpageurl><categorylist><category><categoryid>tutorials-1</categoryid><categorylabel>Tutorials</categorylabel></category></categorylist><product>mobilesensor</product><producthelplocation>supportpkg/mobilesensor</producthelplocation><language>en</language></example><example><id>mobilesensor_product-mobilesensor_mappinglocationandspeed</id><title>Acquire GPS Data from Your Android™ Device and Plot Your Location and Speed on a Map</title><type>fe</type><docpageurl>examples/acquire-gps-data-from-your-android-device-and-plot-your-location-and-speed-on-a-map.html</docpageurl><categorylist><category><categoryid>tutorials-1</categoryid><categorylabel>Tutorials</categorylabel></category></categorylist><product>mobilesensor</product><producthelplocation>supportpkg/mobilesensor</producthelplocation><language>en</language></example><example><id>mobilesensor_product-mobilesensor_plottingmultiplesensors</id><title>Acquire and Plot Angular Velocity and Orientation Data from Your Android™ Device</title><type>fe</type><docpageurl>examples/acquire-and-plot-angular-velocity-and-orientation-data-from-your-android-device.html</docpageurl><categorylist><category><categoryid>tutorials-1</categoryid><categorylabel>Tutorials</categorylabel></category></categorylist><product>mobilesensor</product><producthelplocation>supportpkg/mobilesensor</producthelplocation><language>en</language></example></examples>