<?xml version="1.0" encoding="utf-8"?>
<!-- Copyright 2012-2014 The MathWorks, Inc. -->
<demos>
    <name>MATLAB Support Package for Android Sensors</name>
    <type>matlab</type>
    <icon>HelpIcon.DEMOS</icon>
    <description isCdata="no">
        <p>MATLAB&#174; Support Package for Android&#174; Sensors allows you to collect sensor data from your Android device and log it in MATLAB.</p>
    </description>
    <website>
        <a href="http://www.mathworks.com/hardware-support/android-sensor.html">Product page at mathworks.com&#032;</a>
        <a href="http://www.mathworks.com/hardware-support/android-sensor.html">
            <img src="html/demo_arrow.png" border="none" alt="arrow" align="middle"></img>
        </a>
    </website>
    <demosection>
        <label>Tutorials</label>
        <demoitem>
            <label>Acquire and Plot Angular Velocity and Orientation Data from Your Android Device</label>
            <type>M-file</type>
            <source>mobilesensor_plottingmultiplesensors</source>
        </demoitem>
        <demoitem>
            <label>Counting Steps by Capturing Acceleration Data from Your Android Device</label>
            <type>M-file</type>
            <source>mobilesensor_countingsteps</source>
        </demoitem>
        <demoitem>
            <label>Acquire GPS Data from Your Android Device and Plot Your Location and Speed on a Map</label>
            <type>M-file</type>
            <source>mobilesensor_mappinglocationandspeed</source>
        </demoitem>
    </demosection>
</demos>



